model_name,academic,news,education,finance,customer,travel,average
GPT-4o,8.466666666666667,8.666666666666666,9.1,9.044444444444444,9.066666666666666,7.844444444444444,8.698148148148148
GPT-35-Turbo,5.266666666666667,5.19298245614035,7.0,8.244444444444445,8.266666666666667,6.088888888888889,6.676608187134502
Llama3-70B,8.1,7.456140350877193,7.900000000000001,8.777777777777777,7.666666666666668,4.155555555555556,7.3426900584795325
Mixtral-8x22B,7.966666666666666,7.491228070175438,7.866666666666667,8.133333333333335,8.4,5.8,7.609649122807017
BreeXe-8x7B,8.166666666666666,8.140350877192981,8.35,7.622222222222223,7.699999999999999,5.888888888888889,7.644688109161791
Llama3-8B,6.5,6.982456140350877,7.3,7.266666666666667,7.133333333333334,3.466666666666667,6.441520467836258
Breeze-7B,7.400000000000001,7.333333333333333,7.333333333333333,6.9111111111111105,7.166666666666667,5.111111111111112,6.875925925925927
Deepseek-v2,7.57,	6.67,	8,	8.71,	8.27,	7.95,	7.86
